title,price,rating,review count,availability
"2025 Gaming Laptop, Laptop with AMD Ryzen 9 6900HX (8C/16T, Up to 4.9GHz), 16GB DDR5 512GB NVMe SSD Windows 11 Laptop Computer, 16-inch FHD Display, WiFi 6, 53Wh Battery, Backlit KB",45.,5.0 out of 5 stars,8 ratings,Not Available
"Sceptre Curved 24.5-inch Gaming Monitor up to 240Hz 1080p R1500 1ms DisplayPort x2 HDMI x2 Blue Light Shift Build-in Speakers, Machine Black 2023 (C255B-FWT240)",129.,4.4 out of 5 stars,"7,515 ratings",In Stock
"Gaming Headset for PC, Ps4, Ps5, Xbox Headset with 7.1 Surround Sound, Gaming Headphones with Noise Cancelling Mic RGB Light Over Ear Headphones for Xbox Series X/S, Switch",41,4.5 out of 5 stars,"5,032 ratings",Not Available
"KOORUI 27 Inch Gaming Monitor 240hz, 1ms, FHD 1920x1080, 90% DCI-P3, 100% sRGB Color Gamut, Adaptive Sync Compatible, HDMI, DisplayPort, Black, GN02",166.,4.4 out of 5 stars,314 ratings,Not Available
"KOORUI Gaming Monitor, QHD 24"" Nano IPS Monitor, 1440P 165Hz Computer Monitor, 1ms 2K PC Monitor, 100% sRGB, Adaptive Sync, Height/Tilt/Pivot Adjustment, HDMI, DisplayPort, GP01",149.,4.4 out of 5 stars,"2,548 ratings",Not Available
"Redragon Gaming Mouse, Wireless Mouse Gaming with 8000 DPI, PC Gaming Mice with Fire Button, RGB Backlit Programmable Ergonomic Mouse Gamer, Rechargeable, 70Hrs for Windows, Mac Gamer, Black",19,4.5 out of 5 stars,"3,874 ratings",Not Available
"KOORUI 27 Inch Curved Monitor FHD 1080P 75Hz Gaming Monitors Computer Monitor with HDMI VGA,Tilt Adjustable,1500R, Eye Care, Black, 27N5CA",159.,4.4 out of 5 stars,"3,239 ratings",Not Available
"Lenovo M210 RGB Wired Gaming Mouse for PC, Laptop, Computer with Windows & Chrome OS - 3 Zone RGB, 8000 DPI Adjustable Sensor, 7 Programmable Buttons – Palm Grip Mouse for Gamers (Black)",16.,4.5 out of 5 stars,299 ratings,In Stock
"BENGOO G9000 Stereo Gaming Headset for PS4 PC Xbox One PS5 Controller, Noise Cancelling Over Ear Headphones with Mic, LED Light, Bass Surround, Soft Memory Earmuffs for Nintendo",26.,4.3 out of 5 stars,"108,426 ratings",Not Available
"Roblox Digital Gift Card - 1,000 Robux [Includes Exclusive Virtual Item] [Online Game Code]",10.,4.4 out of 5 stars,"168,042 ratings",Available now
Abstract Topographic Map White Grey Black Gaming Mouse Pad Long Mouse Pad Large Desk Mat 31.5 X 11.8 Inch Mousepad with Non-Slip Base Stitched Edge Keyboard Mat for Gaming Office,8,4.5 out of 5 stars,383 ratings,Not Available
"LED Light Bar, Music Sync RGB IC Light Bar, USB Ambient Lamp, Color Changing Gaming TV Backlight with Remote Control, 15 Dynamic Modes for Room Gaming Decoration",Price Not Found,4.3 out of 5 stars,150 ratings,Not Available
"Rotating Headphone Stand - EURPMASK PC Gaming Headset Stand, Adjustable Clamp-on Headphone Holder, Headphone Hanger Hook Under Desk with 360 Degree Swivel&Cable Clip Organizer - Black",Price Not Found,4.7 out of 5 stars,"27,559 ratings",Not Available
"Xbox Core Wireless Gaming Controller – Deep Pink Series X|S, One, Windows PC, Android, and iOS",52.,4.6 out of 5 stars,"81,900 ratings",In Stock
"Exquisite Gaming: Call of Duty: Monkeybomb - Original Mobile Phone & Gaming Controller Holder, Device Stand, Cable Guys, Licensed Figure",24.,4.8 out of 5 stars,"1,683 ratings",In Stock
"Logitech G305 LIGHTSPEED Wireless Gaming Mouse, Hero 12K Sensor, 12,000 DPI, Lightweight, 6 Programmable Buttons, 250h Battery Life, On-Board Memory, PC/Mac - Black",39,4.6 out of 5 stars,"32,318 ratings",Not Available
"ASUS ROG Strix G16 Gaming Laptop, 16” 16:10 FHD 165Hz Display, NVIDIA® GeForce RTX™ 4060, Intel Core i7-13650HX, 16GB DDR5, 1TB PCIe Gen4 SSD, Wi-Fi 6E, Windows 11, G614JV-AS74","1,315.",4.3 out of 5 stars,"1,654 ratings",In Stock
"16.0-inch Gaming Laptop, 2025 16GB DDR4 512GB SSD laptop, Windows 11 Laptop with Intel 12th Quad-Core Processor(Up to 3.6GHz), 1920P FHD Display, Metal Shell, WiFi 6, USB3.2, Type_C, Long Battery Life",Price Not Found,4.4 out of 5 stars,12 ratings,Not Available
"Redragon K585 DITI Wired One-Handed RGB Mechanical Gaming Keyboard, 42 Keys Type-C Professional Gaming Keypad w/Upgraded Hot-Swappable Socket, 7 Onboard Macro Keys & Detachable Wrist Rest",79.,4.3 out of 5 stars,"9,127 ratings",Not Available
"Sceptre 30-inch Curved Gaming Monitor 21:9 2560x1080 Ultra Wide/ Slim HDMI DisplayPort up to 200Hz Build-in Speakers, Metal Black (C305B-200UN1)",189.,4.5 out of 5 stars,"12,210 ratings",In Stock
"Gaming Microphone, USB PC Mic for Podcasts Videos, Streaming, Condenser Mic with Quick Mute, Tripod Stand, Pop Filter, RGB Indicator, Shock Mount, Rotate gain button, Compatible with PS4/5/PC",46,4.3 out of 5 stars,"2,606 ratings",Not Available
"Corner Floor Lamp - Smart RGB LED Corner Lamp with App and Remote Control, 16 Million Colors & 68+ Scene, Music Sync, Timer Setting - Ideal for Living Rooms, Bedrooms, and Gaming Rooms",59,4.3 out of 5 stars,"3,262 ratings",Not Available
"Razer BlackShark V2 X Gaming Headset: 7.1 Surround Sound - 50mm Drivers - Memory Foam Cushion - For PC, PS4, PS5, Switch - 3.5mm Audio Jack - Black",39.,4.4 out of 5 stars,"20,570 ratings",In Stock
"3-in-1 PC Gaming Headset&Controller Holder - EURPMASK Headphone Stand w/Adjustable Clamp&2 Controller Holder&Rotating Arm&Cable Organizer, Universal PC Gaming Accessory Controller Headset Stand-Black",75.,4.5 out of 5 stars,649 ratings,Not Available
"Logitech G502 HERO High Performance Wired Gaming Mouse, HERO 25K Sensor, 25,600 DPI, RGB, Adjustable Weights, 11 Programmable Buttons, On-Board Memory, PC / Mac",49.,4.6 out of 5 stars,"53,926 ratings",Not Available
"RGB Mousepad Led Mouse Pad, Large Mouse Pad,Led and Big Mouse mat",Price Not Found,4.6 out of 5 stars,"6,594 ratings",Not Available
"Govee Smart LED Light Bars, Work with Alexa and Google Assistant, RGBICWW WiFi TV Backlights with Scene and Music Modes for Gaming, Pictures, PC, Room Decoration",Price Not Found,4.6 out of 5 stars,"5,757 ratings",Not Available
"Acer Nitro V Gaming Laptop | Intel Core i5-13420H Processor | NVIDIA GeForce RTX 4050 Laptop GPU | 15.6"" FHD IPS 144Hz Display | 8GB DDR5 | 512GB Gen 4 SSD | WiFi 6 | Backlit KB | ANV15-51-51H9",699.,4.3 out of 5 stars,"1,333 ratings",In Stock
"Amazon Basics - 27 Inch IPS Monitor 75 Hz Powered with AOC Technology FHD 1080P HDMI, Display Port and VGA Input VESA Compatible Built-in Speakers for Office and Home, Black",221.,4.5 out of 5 stars,837 ratings,Not Available
"HP Victus 15.6"" 144Hz FHD Gaming Laptop,AMD Ryzen 5 7535HS,16GB DDR5 RAM,512GB SSD,AMD Radeon RX 6550M,Beats RTX 2050,Backlit Keyboard,Windows11 Pro, Mica Silver",45.,4.4 out of 5 stars,35 ratings,Not Available
"HP Victus 15.6 i5 Gaming Laptop, 15.6"" FHD 1920*1080 144Hz, Intel Core i5-12450H, NVIDIA GeForce RTX 3050, 32GB RAM, 1TB SSD, Backlit KB, Touchpad, SD Card Reader, Webcam, HDMI, Wi-Fi 6, W11 H, Blue",45.,4.3 out of 5 stars,114 ratings,Not Available
"BENGOO Gaming Mouse Wired, Ergonomic Gamer Laptop PC Optical Computer Mice with RGB Backlit, 4 Adjustable DPI Up to 3600, 6 Programmable Buttons for Windows 7/8/10/XP Vista Linux -Black",9,4.6 out of 5 stars,"13,121 ratings",Not Available
"HUANUO Dual Monitor Stand - Full Adjustable Monitor Desk Mount Swivel Vesa Bracket with C Clamp, Grommet Mounting Base for 13 to 32 Inch Computer Screens - Each Arm Holds 4.4 to 19.8lbs",110.,4.6 out of 5 stars,"29,308 ratings",Not Available
"Gaming Sock, Do Not Disturb I'm Gaming,Gaming Socks for Teen Boys Gamer with Glowing, Novelty Socks for Men Dad Father Women",Price Not Found,4.5 out of 5 stars,441 ratings,Not Available
"SteelSeries Arctis Nova Pro Wireless Multi-System Gaming Headset - Premium Hi-Fi Drivers - Active Noise Cancellation - Infinity Power System - ClearCast Gen 2 Mic - PS5, PS4, PC, Switch, Mobile",279.,4.2 out of 5 stars,"5,886 ratings",In Stock
Meta Quest 3S 128GB — Get Batman: Arkham Shadow and a 3-Month Trial of Meta Quest+ Included — All-in-One Headset,Price Not Found,4.5 out of 5 stars,"2,822 ratings",Not Available
"Gamers Gifts for Men, Boys - Gifts for Gamers - Gaming Socks, Stocking Stuffers for Men, Boyfriend, Son Gaming Novelty Socks",Price Not Found,4.6 out of 5 stars,18 ratings,Not Available
"2025 Gaming Laptop, Laptop with AMD Ryzen 7 5000 Series (8C/16T, Up to 4.3GHz), 16GB RAM 512GB NVMe SSD Laptop Computer, Radeon RX Vega 8 Graphics, 16.1-inch FHD Display, WiFi 6, Backlit KB",45.,4.1 out of 5 stars,17 ratings,Not Available
"Reading Pillow for Gaming, Extra Large Arm Rest Pillow for Adult, Memory Foam Bed Rest Pillow for Reading, Working, Playing Steam Deck Switch or Sitting in Bed Floor Sofa(Grey)",Price Not Found,4.2 out of 5 stars,"1,433 ratings",Not Available
"Logitech G502 X Plus Lightspeed Wireless Optical Mouse - LIGHTFORCE hybrid switches, LIGHTSYNC RGB, HERO 25K gaming sensor, compatible with PC - macOS/Windows - Black",90.,4.6 out of 5 stars,"3,058 ratings",Not Available
"Japanese Sea Wave Large Mouse Pad, Anime Black Gaming, Extended Kanagawa Mat Desk Pad, 3mm Thick Long Non-Slip Rubber Base Mice Pad, 31.5 X 11.8 Inch",25.,4.7 out of 5 stars,"1,511 ratings",Not Available
Gaming Shirt Kids Boys Girls Gifts for Gamers Youth Gamer I Paused My Game to Be Here Long Sleeve Shirts,Price Not Found,4.3 out of 5 stars,447 ratings,Not Available
Novelty Cotton Video Game Socks Soft Unisex Sock Funny Gamer Socks Christmas Birthday Gifts for Men Women,Price Not Found,4.6 out of 5 stars,6 ratings,Not Available
Tstars Kids Gaming Apparel I Paused My Game Gifts for Gamers Sweatshirts Hoodies,Price Not Found,4.3 out of 5 stars,"1,016 ratings",Not Available
"Xtrfy Cherry K5V2 Compact, Mechanical Gaming Keyboard in 65% Format US Layout Hot Swappable, Cherry MX2A RED Switches (Black)",66,4.4 out of 5 stars,14 ratings,Not Available
"ASUS TUF Gaming 24” (23.8” viewable) 1080P Monitor (VG249QL3A) - Full HD, 180Hz, 1ms, Fast IPS, ELMB, FreeSync Premium, G-SYNC Compatible, Speakers, DisplayPort, Height Adjustable, 3 Year Warranty",159.,4.6 out of 5 stars,"7,738 ratings",In Stock
"Corsair VOID RGB ELITE Wireless Gaming Headset - 7.1 Surround Sound - Discord Certified - iCUE Compatible - PC, Mac, PS5, PS4 - White",69.,4.3 out of 5 stars,"23,262 ratings",In Stock
"Logitech G502 Lightspeed Wireless Gaming Mouse with Hero 25K Sensor, PowerPlay Compatible, Tunable Weights and Lightsync RGB - Black",159,4.6 out of 5 stars,"12,758 ratings",Not Available
"Redragon S101 Gaming Keyboard, M601 Mouse, RGB Backlit Gaming Keyboard, Programmable Backlit Gaming Mouse, Value Combo Set [New Version]",194.,4.5 out of 5 stars,"46,281 ratings",Not Available
"Acer Nitro KG241Y Sbiip 23.8” Full HD (1920 x 1080) VA Gaming Monitor | AMD FreeSync Premium Technology | 165Hz Refresh Rate | 1ms (VRB) | ZeroFrame Design | 1 x Display Port 1.2 & 2 x HDMI 2.0,Black",109.,4.5 out of 5 stars,"2,842 ratings",In Stock
Razer DeathAdder Essential Gaming Mouse: 6400 DPI Optical Sensor - 5 Programmable Buttons - Mechanical Switches - Rubber Side Grips - Classic Black,24.,4.4 out of 5 stars,"12,801 ratings",In Stock
Logitech G Pro Wireless Gaming Mouse with Esports Grade Performance,59,4.6 out of 5 stars,"12,751 ratings",Not Available
"ASUS TUF A15 Gaming Laptop: 15.6” Full HD 144Hz Display, GeForce RTX 3050, AMD Ryzen 7 7435HS, 8GB DDR5 RAM, 512GB PCIe SSD, Wi-Fi 6, Windows 11",379.,3.0 out of 5 stars,1 rating,Not Available
"KontrolFreek Precision Rings | Aim Assist Motion Control for Playstation 4 (PS4), PS5, Xbox One, XBX, Switch Pro & Scuf Controller (Black/Purple/Green)",16,4.0 out of 5 stars,"9,819 ratings",Not Available
HyperX Cloud II Wireless Gaming Headset - Red,162.,4.5 out of 5 stars,"73,725 ratings",Not Available
"Turtle Beach Stealth 600 Gen 3 Wireless Multiplatform Amplified Gaming Headset for Xbox Series X|S, Xbox One, PC, PS5, PS4, Mobile – Bluetooth, 80-Hr Battery, AI Noise-Cancelling Mic – White",164.,4.2 out of 5 stars,"1,464 ratings",Not Available
Razer Basilisk V3 Customizable Ergonomic Gaming Mouse: Fastest Gaming Mouse Switch - Chroma RGB Lighting - 26K DPI Optical Sensor - 11 Programmable Buttons - HyperScroll Tilt Wheel - Classic Black,39.,4.6 out of 5 stars,"7,511 ratings",In Stock
"CRUA 30"" Curved Gaming Monitor, 144Hz/200Hz Computer Monitor, WFHD(2560 * 1080P) 1500R VA Screen, 99% sRGB PC Monitors Support FreeSync, Wall Mount Install(HDMI, DP)- Black",45.,4.3 out of 5 stars,"2,787 ratings",Not Available
"150W Genuine AC Charger for HP Zbook 15 G3 G4 G5 G6, Pavilion 15 17/ADP-150XB B 19.5V 7.7A Zbook Gaming Laptop Adapter 4.5 * 3.0mm Blue tip (Compat HP 135W PW)",45.,4.3 out of 5 stars,18 ratings,Not Available
"GearIT Cat 6 Ethernet Cable (5-Pack 50 Feet) Cat6 Network Patch, 10Gbps, RJ45, Snagless Cord, Gold-Plated Connectors, Internet for PC, TV, Tablet, Router, Printer, Servers, IT Data Center - Black",Price Not Found,4.7 out of 5 stars,"5,008 ratings",Not Available
Innergie T24 240W 230W Universal Gaming Laptop Charger Power Adapter for Acer ASUS ROG Dell Alienware HP Lenovo MSI 100-240V AC Input 20V 12A DC Output Power Supply Made by Delta Electronics,Price Not Found,4.3 out of 5 stars,99 ratings,Not Available
230W 20V Charger for MSI Gaming Laptop GP66 GP76 Leopard GE66 GE76 Raider MSI Power Adapter Supply Cord,Price Not Found,Previous page of related Sponsored Products,No Reviews,Not Available
230W RC30-024801 Charger for Razer Blade 15 14 16 17 RZ09-0248 RTX3060 RTX3070 RTX3080 RTX2070 RTX2080 GTX1060 GTX1070 Razer Blade Pro 17/4K Gaming Laptop Power Adapter,45.,3.5 out of 5 stars,9 ratings,Not Available
230W 180W AC Charger Fit for Gigabyte Aorus 15 15G 15P 17 17G 5 AERO 15 16 17 5 15S GIGABYTE G5 G6 G7 G6X A7 A5 Gaming Laptop A17-230P1A A12-230P1A Replacement Power Supply Adapter,Price Not Found,3.7 out of 5 stars,4 ratings,Not Available
Wallhack Gaming Arm Sleeve | Frenzy Sora | Esports Sleeve for Arm and Hand,25.,4.0 out of 5 stars,15 ratings,Not Available
"Turtle Beach Stealth 700 Gen 3 Wireless Multiplatform Amplified Gaming Headset for Xbox Series X|S, Xbox One, PC, PS5, Mobile – 60mm Drivers, AI Noise-Cancelling Mic, Bluetooth, 80-Hr Battery – Cobalt",162.,4.3 out of 5 stars,632 ratings,In Stock
"P3 Lite Mini PC Desktop Computers, AMD Ryzen 7 6800H (4.7GHz), 24GB DDR5, 1TB PCIe 4.0 SSD, Windows 11 Pro, USB 4.0/DP/HDMI, Wi-Fi 6E/BT5.2, Compact Silent PC for Gaming, Office, Design",45.,4.5 out of 5 stars,25 ratings,Not Available
"InnoView 2K 180HZ Portable Monitor, 18'' OD Gameplus 2560x1600 QHD 100% sRGB Portable Gaming Monitor with Kickstand HDR FreeSync Travel Monitor for Game Console, PS5, Switch, PC, Phone",45.,4.2 out of 5 stars,110 ratings,Not Available
